{
  "original_features": 141,
  "after_variance_threshold": 141,
  "after_correlation_filter": 125,
  "after_mutual_information": 48,
  "after_rf_importance": 43,
  "after_rfecv": 7,
  "pca_components_95var": 4,
  "final_features": [
    "trip_duration_sec",
    "accel_variance_normalized_by_speed",
    "speed__count_below_mean",
    "gyro_x__count_below_mean",
    "acceleration_x__count_above_mean",
    "acceleration_y__iqr",
    "gyro_y__range"
  ],
  "rf_features": [
    "trip_duration_sec",
    "accel_variance_normalized_by_speed",
    "speed__count_below_mean",
    "gyro_x__count_below_mean",
    "acceleration_z__count_above_mean",
    "acceleration_x__count_above_mean",
    "gyro_x__count_above_mean",
    "gyro_total_rotation",
    "acceleration_y__iqr",
    "gyro_y__count_above_mean",
    "speed__count_above_mean",
    "gyro_y__range",
    "acceleration_y__count_above_mean",
    "gyro_y__count_below_mean",
    "acceleration_y__range",
    "speed__mean_change",
    "acceleration_z__std",
    "acceleration_y__std",
    "gyro_y__min",
    "acceleration_y__count_below_mean",
    "acceleration_y__max_change",
    "gyro_y__max",
    "acceleration_z__range",
    "gyro_z__count_above_mean",
    "gyro_z__max_change",
    "acceleration_z__max_change",
    "acceleration_x__min",
    "acceleration_x__std",
    "gyro_z_rolling_range_5s",
    "gyro_x__std",
    "max_acceleration_magnitude",
    "acceleration_x__max",
    "jerk_y_max",
    "acceleration_x__range",
    "gyro_stability_ratio",
    "gyro_x__range",
    "acceleration_z__abs_max",
    "acceleration_x__abs_max",
    "acceleration_x__iqr",
    "acceleration_x__max_change",
    "acceleration_z__iqr",
    "acceleration_z__max",
    "acceleration_z__min"
  ],
  "cv_f1_final": 0.4636631666225166,
  "cv_f1_pca": 0.43752494483823323
}